Marc;Ribeiro;eleve;"05-20-2022 05:15:17 pm";"Je ne vois plus le sans contact "
Marc;Ribeiro;eleve;"05-20-2022 05:16:56 pm";fvfvfv
Marc;Ribeiro;eleve;"05-20-2022 05:17:25 pm";dcdscc
Marc;Ribeiro;eleve;"05-20-2022 05:17:46 pm";cxsc
Marc;Ribeiro;eleve;"05-20-2022 05:17:49 pm";scscsc
Marc;Ribeiro;eleve;"05-20-2022 05:17:50 pm";sxscsvc
Marc;Ribeiro;eleve;"05-20-2022 05:17:52 pm";scscsc
Marc;Ribeiro;eleve;"05-20-2022 05:17:54 pm";sscscs
Marc;Ribeiro;eleve;"05-20-2022 05:17:57 pm";scscsc
Adrien;Bernard;eleve;"05-24-2022 10:30:05 am";fdvfvfvfv
Adrien;Bernard;eleve;"05-24-2022 10:31:08 am";xdsxc
Hippolyte;Dupont;;"05-26-2022 03:58:45 pm";"Y'a un bug"
Hippolyte;Dupont;;"05-26-2022 03:59:31 pm";"Y'a un bug"
Hippolyte;Dupont;;"05-27-2022 03:01:36 pm";" 
"
Hippolyte;Dupont;;"05-27-2022 03:01:41 pm";" 
"
Hippolyte;Dupont;;"05-27-2022 03:23:24 pm";ffff
Adrien;bernard;;"06-02-2023 02:02:13 pm";cvaca
