;;"modification profil";"05-26-2022 11:21:26 am";"modification profil"
Dupont;Hippolyte;eleve;"05-26-2022 12:37:56 pm";inscription
;;"modification profil";"05-26-2022 12:49:35 pm";"modification profil"
Dupont;Hippolyte;"modification profil";"05-26-2022 12:50:55 pm";"modification profil"
bernard;adrien;eleve;"05-26-2022 12:58:17 pm";inscription
aaa;aaa;eleve;"05-26-2022 01:02:27 pm";inscription
Dupont;Hippolyte;eleve;"05-26-2022 01:38:46 pm";inscription
dddd;dddd;eleve;"05-26-2022 02:18:52 pm";inscription
Dupont;Hippolyte;eleve;"05-26-2022 03:47:17 pm";inscription
admin;admin;admin;"05-26-2022 04:03:20 pm";inscription
respo;respo;respo;"05-26-2022 04:08:00 pm";inscription
ddd;dddd;eleve;"05-26-2022 04:14:26 pm";inscription
ddd;dddd;eleve;"05-26-2022 04:14:47 pm";inscription
ddd;dddd;eleve;"05-26-2022 04:14:58 pm";inscription
ddd;dddd;eleve;"05-26-2022 04:15:10 pm";inscription
ddd;dddd;eleve;"05-26-2022 04:15:44 pm";inscription
ddd;dddd;eleve;"05-26-2022 04:16:40 pm";inscription
ffff;ffff;eleve;"05-26-2022 04:17:12 pm";inscription
ffff;ffff;eleve;"05-26-2022 04:17:40 pm";inscription
ffff;ffff;eleve;"05-26-2022 04:19:17 pm";inscription
Dupont;Hippolyte;"modification profil";"05-27-2022 12:17:15 pm";"modification profil"
Dupont;Hippolyte;"modification profil";"05-27-2022 12:28:08 pm";"modification profil"
Dupont;Hippolyte;"modification profil";"05-27-2022 12:28:37 pm";"modification profil"
Dupont;Hippolyte;"modification profil";"05-27-2022 12:29:23 pm";"modification profil"
Dupont;Hippolyte;"modification profil";"05-27-2022 12:29:43 pm";"modification profil"
Dupont;Hippolyte;"modification profil";"05-27-2022 12:32:06 pm";"modification profil"
Dupont;Hippolyte;"modification profil";"05-27-2022 01:05:28 pm";"modification profil"
Dupont;Hippolyte;"modification profil";"05-27-2022 01:34:15 pm";"modification profil"
Dupont;Hippolyte;"modification profil";"05-27-2022 01:34:43 pm";"modification profil"
Dupont;Hippolyte;"modification profil";"05-27-2022 01:34:56 pm";"modification profil"
Dupont;Hippolyte;"modification profil";"05-27-2022 01:35:25 pm";"modification profil"
Dupont;Hippolyte;"modification profil";"05-27-2022 02:26:21 pm";"modification profil"
Dupont;Hippolyte;"modification profil";"05-27-2022 02:26:56 pm";"modification profil"
Dupont;Hippolyte;eleve;"05-27-2022 03:23:13 pm";inscription
admin;admin;admin;"05-27-2022 03:24:57 pm";inscription
respo;respo;respo;"05-27-2022 03:42:09 pm";inscription
lezizi;hipopo;eleve;"05-27-2022 04:09:17 pm";inscription
Dupont;Hippolyte;"modification profil";"05-27-2022 04:33:18 pm";"modification profil"
Dupont;Hippolyte;"modification profil";"05-27-2022 04:35:22 pm";"modification profil"
admin;admin;"modification profil";"05-27-2022 04:41:34 pm";"modification profil"
respo;respo;"modification profil";"05-27-2022 04:47:08 pm";"modification profil"
bernard;Adrien;eleve;"06-02-2023 02:02:05 pm";inscription
